{
    "swagger": "2.0",
    "info": {
      "version": "1.0.0",
      "title": "Volcano API",
      "description": "API for managing volcano data and user profiles."
    },
    "host": "localhost:3000",
    "basePath": "/",
    "schemes": ["http"],
    "paths": {
      "/countries": {
        "get": {
          "summary": "Get all countries",
          "responses": {
            "200": {
              "description": "Successful operation",
              "schema": {
                "type": "array",
                "items": {
                  "type": "string"
                }
              }
            }
          }
        }
      },
      "/volcanoes": {
        "get": {
          "summary": "Get all volcanoes for a country",
          "parameters": [
            {
              "name": "country",
              "in": "query",
              "required": true,
              "type": "string"
            }
          ],
          "responses": {
            "200": {
              "description": "Successful operation",
              "schema": {
                "type": "array",
                "items": {
                  "type": "object",
                  "properties": {
                    "id": { "type": "integer" },
                    "name": { "type": "string" },
                    "region": { "type": "string" },
                    "subregion": { "type": "string" },
                    "last_eruption": { "type": "string" },
                    "summit": { "type": "integer" },
                    "elevation": { "type": "integer" },
                    "population_5km": { "type": "integer" },
                    "population_10km": { "type": "integer" },
                    "population_30km": { "type": "integer" },
                    "population_100km": { "type": "integer" },
                    "latitude": { "type": "number" },
                    "longitude": { "type": "number" }
                  }
                }
              }
            }
          }
        }
      },
      "/volcano/{id}": {
        "get": {
          "summary": "Get volcano by ID",
          "parameters": [
            {
              "name": "id",
              "in": "path",
              "required": true,
              "type": "integer"
            }
          ],
          "responses": {
            "200": {
              "description": "Successful operation",
              "schema": {
                "type": "object",
                "properties": {
                  "id": { "type": "integer" },
                  "name": { "type": "string" },
                  "region": { "type": "string" },
                  "subregion": { "type": "string" },
                  "last_eruption": { "type": "string" },
                  "summit": { "type": "integer" },
                  "elevation": { "type": "integer" },
                  "population_5km": { "type": "integer" },
                  "population_10km": { "type": "integer" },
                  "population_30km": { "type": "integer" },
                  "population_100km": { "type": "integer" },
                  "latitude": { "type": "number" },
                  "longitude": { "type": "number" }
                }
              }
            }
          }
        }
      },
      "/user/{email}/profile": {
        "get": {
          "summary": "Get user profile by email",
          "parameters": [
            {
              "name": "email",
              "in": "path",
              "required": true,
              "type": "string"
            }
          ],
          "responses": {
            "200": {
              "description": "Successful operation",
              "schema": {
                "type": "object",
                "properties": {
                  "id": { "type": "integer" },
                  "email": { "type": "string" },
                  "name": { "type": "string" },
                  "created_at": { "type": "string", "format": "date-time" }
                }
              }
            }
          }
        },
        "put": {
          "summary": "Update user profile by email",
          "parameters": [
            {
              "name": "email",
              "in": "path",
              "required": true,
              "type": "string"
            },
            {
              "name": "body",
              "in": "body",
              "required": true,
              "schema": {
                "type": "object",
                "properties": {
                  "name": { "type": "string" }
                }
              }
            }
          ],
          "responses": {
            "204": {
              "description": "Successful operation"
            }
          }
        }
      },
      "/me": {
        "get": {
          "summary": "Get developer information",
          "responses": {
            "200": {
              "description": "Successful operation",
              "schema": {
                "type": "object",
                "properties": {
                  "name": { "type": "string" },
                  "student_number": { "type": "string" }
                }
              }
            }
          }
        }
      }
    }
  }
  